{"train/loss": 0.4106, "train/learning_rate": 0.0, "train/rewards/chosen": -1.160409688949585, "train/rewards/rejected": -2.1493277549743652, "train/rewards/accuracies": 0.8125, "train/rewards/margins": 0.9889179468154907, "train/policy_logps/rejected": -499.2258605957031, "train/policy_logps/chosen": -405.14166259765625, "train/referece_logps/rejected": -477.7325744628906, "train/referece_logps/chosen": -393.5375671386719, "train/logits/rejected": -0.8537061214447021, "train/logits/chosen": -0.7881200909614563, "train/epoch": 3.0, "train/global_step": 1464, "_timestamp": 1709650497.9447842, "_runtime": 30515.516047239304, "_step": 1464, "train/train_runtime": 30518.9053, "train/train_samples_per_second": 3.07, "train/train_steps_per_second": 0.048, "train/total_flos": 0.0, "train/train_loss": 0.4739103952188635, "_wandb": {"runtime": 30515}}