{"train/loss": 0.6924, "train/learning_rate": 4.958677685950413e-08, "train/rewards/chosen": 0.00047588301822543144, "train/rewards/rejected": 0.007248020730912685, "train/rewards/accuracies": 0.5, "train/rewards/margins": -0.006772137247025967, "train/policy_logps/rejected": -463.3400573730469, "train/policy_logps/chosen": -443.19061279296875, "train/referece_logps/rejected": -463.41253662109375, "train/referece_logps/chosen": -443.1953430175781, "train/logits/rejected": -0.4010348320007324, "train/logits/chosen": -0.17887340486049652, "train/epoch": 0.0, "train/global_step": 12, "_timestamp": 1712302075.0846488, "_runtime": 202.75107288360596, "_step": 11}