{"train/loss": 0.6781, "train/learning_rate": 1.9917244178292707e-05, "train/epoch": 0.21, "train/global_step": 6818, "_timestamp": 1709799410.1609974, "_runtime": 89805.49096035957, "_step": 6817}