{"train/loss": 0.7032, "train/learning_rate": 1.9862666955707758e-05, "train/epoch": 0.24, "train/global_step": 7940, "_timestamp": 1709814159.3454185, "_runtime": 104554.67538142204, "_step": 7939}