{"train/loss": 0.7606, "train/learning_rate": 8.714626662120697e-06, "train/epoch": 0.04, "train/global_step": 1278, "_timestamp": 1709726456.0536327, "_runtime": 16851.383595705032, "_step": 1277}