{"train/loss": 0.3702, "train/learning_rate": 1.6859729550908948e-06, "train/rewards/chosen": -1.5584847927093506, "train/rewards/rejected": -3.952012300491333, "train/rewards/accuracies": 1.0, "train/rewards/margins": 2.3935275077819824, "train/policy_logps/rejected": -308.6167907714844, "train/policy_logps/chosen": -467.1976318359375, "train/referece_logps/rejected": -269.0966491699219, "train/referece_logps/chosen": -451.6127624511719, "train/logits/rejected": 0.22749832272529602, "train/logits/chosen": 0.1734832227230072, "train/epoch": 12.0, "train/global_step": 19488, "_timestamp": 1712360204.0091946, "_runtime": 58953.575692653656, "_step": 5488, "train/train_runtime": 58957.023, "train/train_samples_per_second": 21.153, "train/train_steps_per_second": 0.331, "train/total_flos": 0.0, "train/train_loss": 0.1100774969751159, "_wandb": {"runtime": 58958}}