{"train/loss": 0.387, "train/learning_rate": 0.0, "train/rewards/chosen": -1.2703875303268433, "train/rewards/rejected": -2.25465989112854, "train/rewards/accuracies": 0.625, "train/rewards/margins": 0.9842724204063416, "train/policy_logps/rejected": -360.7203369140625, "train/policy_logps/chosen": -328.7356262207031, "train/referece_logps/rejected": -338.1737365722656, "train/referece_logps/chosen": -316.03173828125, "train/logits/rejected": -0.12816393375396729, "train/logits/chosen": -0.18205250799655914, "train/epoch": 6.0, "train/global_step": 16104, "_timestamp": 1712328273.9198768, "_runtime": 267819.7586219311, "_step": 16104, "train/train_runtime": 267823.5869, "train/train_samples_per_second": 3.848, "train/train_steps_per_second": 0.06, "train/total_flos": 0.0, "train/train_loss": 0.4860393419191871, "_wandb": {"runtime": 267826}}