{"train/loss": 0.6921, "train/learning_rate": 2.716049382716049e-07, "train/rewards/chosen": 0.0008052820339798927, "train/rewards/rejected": -0.02150239795446396, "train/rewards/accuracies": 0.625, "train/rewards/margins": 0.022307680919766426, "train/policy_logps/rejected": -214.4306640625, "train/policy_logps/chosen": -230.6774139404297, "train/referece_logps/rejected": -214.21566772460938, "train/referece_logps/chosen": -230.6854705810547, "train/logits/rejected": -0.7691043615341187, "train/logits/chosen": -0.8338490724563599, "train/epoch": 0.01, "train/global_step": 11, "_timestamp": 1711628575.9496555, "_runtime": 187.78945755958557, "_step": 10}