{"train/loss": 0.0385, "train/learning_rate": 0.0, "train/rewards/chosen": -2.695505142211914, "train/rewards/rejected": -9.621192932128906, "train/rewards/accuracies": 1.0, "train/rewards/margins": 6.925687313079834, "train/policy_logps/rejected": -364.8385009765625, "train/policy_logps/chosen": -477.6614685058594, "train/referece_logps/rejected": -268.6265563964844, "train/referece_logps/chosen": -450.7064514160156, "train/logits/rejected": 0.0767384022474289, "train/logits/chosen": -0.22056132555007935, "train/epoch": 3.0, "train/global_step": 5925, "_timestamp": 1710122426.5916502, "_runtime": 125697.51361227036, "_step": 5925, "train/train_runtime": 125701.3139, "train/train_samples_per_second": 3.016, "train/train_steps_per_second": 0.047, "train/total_flos": 0.0, "train/train_loss": 0.11715272050995364, "_wandb": {"runtime": 125699}}