{"train/loss": 0.6918, "train/learning_rate": 1.99970388732558e-06, "train/rewards/chosen": -0.006012916564941406, "train/rewards/rejected": -0.018493080511689186, "train/rewards/accuracies": 0.375, "train/rewards/margins": 0.01248016394674778, "train/policy_logps/rejected": -392.5494689941406, "train/policy_logps/chosen": -434.30291748046875, "train/referece_logps/rejected": -392.36456298828125, "train/referece_logps/chosen": -434.24273681640625, "train/logits/rejected": -0.6268725395202637, "train/logits/chosen": -0.7491819262504578, "train/epoch": 0.11, "train/global_step": 55, "_timestamp": 1709965418.1171358, "_runtime": 1158.7641987800598, "_step": 54, "_wandb": {"runtime": 1159}}