{"train/loss": 0.4164, "train/learning_rate": 0.0, "train/rewards/chosen": -0.7964639067649841, "train/rewards/rejected": -2.050607919692993, "train/rewards/accuracies": 0.625, "train/rewards/margins": 1.2541439533233643, "train/policy_logps/rejected": -470.14141845703125, "train/policy_logps/chosen": -503.12432861328125, "train/referece_logps/rejected": -449.63531494140625, "train/referece_logps/chosen": -495.1596984863281, "train/logits/rejected": -1.2464096546173096, "train/logits/chosen": -1.2040677070617676, "train/epoch": 6.0, "train/global_step": 14292, "_timestamp": 1711932223.4227855, "_runtime": 153491.5083835125, "_step": 14292, "train/train_runtime": 153494.9286, "train/train_samples_per_second": 5.958, "train/train_steps_per_second": 0.093, "train/total_flos": 0.0, "train/train_loss": 0.5399143575387544, "_wandb": {"runtime": 153496}}