{"train/loss": 0.3575, "train/learning_rate": 1.4771436137909735e-06, "train/rewards/chosen": -1.7298932075500488, "train/rewards/rejected": -3.3260672092437744, "train/rewards/accuracies": 0.875, "train/rewards/margins": 1.5961742401123047, "train/policy_logps/rejected": -443.2804260253906, "train/policy_logps/chosen": -562.3428344726562, "train/referece_logps/rejected": -410.019775390625, "train/referece_logps/chosen": -545.0440063476562, "train/logits/rejected": -0.22794300317764282, "train/logits/chosen": -0.387029767036438, "train/epoch": 9.0, "train/global_step": 21924, "_timestamp": 1712154912.4584944, "_runtime": 85399.49171447754, "_step": 7924, "train/train_runtime": 85403.6023, "train/train_samples_per_second": 16.428, "train/train_steps_per_second": 0.257, "train/total_flos": 0.0, "train/train_loss": 0.14808937197299993, "_wandb": {"runtime": 85404}}