{"train/loss": 0.5866, "train/learning_rate": 1.6655290102389077e-06, "train/rewards/chosen": -0.25844231247901917, "train/rewards/rejected": -1.187023401260376, "train/rewards/accuracies": 0.875, "train/rewards/margins": 0.9285812973976135, "train/policy_logps/rejected": -474.515869140625, "train/policy_logps/chosen": -425.3257141113281, "train/referece_logps/rejected": -462.6456298828125, "train/referece_logps/chosen": -422.74127197265625, "train/logits/rejected": -0.7888226509094238, "train/logits/chosen": -0.7797228097915649, "train/epoch": 6.0, "train/global_step": 9744, "_timestamp": 1712063427.9973786, "_runtime": 2634.9708914756775, "_step": 244, "train/train_runtime": 2638.8921, "train/train_samples_per_second": 236.295, "train/train_steps_per_second": 3.692, "train/total_flos": 0.0, "train/train_loss": 0.012683590026862908, "_wandb": {"runtime": 2639}}