{"train/loss": 1.182, "train/learning_rate": 6.818956699624958e-09, "train/epoch": 0.0, "train/global_step": 1, "_timestamp": 1709708285.8567576, "_runtime": 42.95014953613281, "_step": 0, "_wandb": {"runtime": 39}}