{"train/loss": 0.5076, "train/learning_rate": 5.104528692628562e-09, "train/rewards/chosen": -0.6290768384933472, "train/rewards/rejected": -0.7022712826728821, "train/rewards/accuracies": 0.5, "train/rewards/margins": 0.0731944814324379, "train/policy_logps/rejected": -355.883544921875, "train/policy_logps/chosen": -421.97198486328125, "train/referece_logps/rejected": -348.8608093261719, "train/referece_logps/chosen": -415.6812438964844, "train/logits/rejected": -0.6890938878059387, "train/logits/chosen": -0.7478297352790833, "train/epoch": 5.81, "train/global_step": 13689, "_timestamp": 1711940234.6421084, "_runtime": 147824.58097434044, "_step": 13688, "_wandb": {"runtime": 147822}}