{"train/loss": 0.3345, "train/learning_rate": 0.0, "train/rewards/chosen": -1.517296314239502, "train/rewards/rejected": -2.9656002521514893, "train/rewards/accuracies": 1.0, "train/rewards/margins": 1.4483036994934082, "train/policy_logps/rejected": -434.2344665527344, "train/policy_logps/chosen": -394.2467346191406, "train/referece_logps/rejected": -404.5784606933594, "train/referece_logps/chosen": -379.0737609863281, "train/logits/rejected": -1.360655426979065, "train/logits/chosen": -1.456480622291565, "train/epoch": 6.0, "train/global_step": 10740, "_timestamp": 1712161683.508773, "_runtime": 191665.3426539898, "_step": 10740, "train/train_runtime": 191668.8399, "train/train_samples_per_second": 3.585, "train/train_steps_per_second": 0.056, "train/total_flos": 0.0, "train/train_loss": 0.42754886539815967, "_wandb": {"runtime": 191670}}