{"train/loss": 0.5097, "train/learning_rate": 0.0, "train/rewards/chosen": -0.18940487504005432, "train/rewards/rejected": -0.7693228125572205, "train/rewards/accuracies": 0.875, "train/rewards/margins": 0.5799179077148438, "train/policy_logps/rejected": -445.4892578125, "train/policy_logps/chosen": -442.9375, "train/referece_logps/rejected": -437.7960510253906, "train/referece_logps/chosen": -441.0434875488281, "train/logits/rejected": 0.007033728063106537, "train/logits/chosen": 0.04463506117463112, "train/epoch": 6.0, "train/global_step": 9420, "_timestamp": 1711894891.2821136, "_runtime": 102420.45512461662, "_step": 9420, "train/train_runtime": 102424.2823, "train/train_samples_per_second": 5.885, "train/train_steps_per_second": 0.092, "train/total_flos": 0.0, "train/train_loss": 0.5588567013446946, "_wandb": {"runtime": 102424}}