{"train/loss": 0.4369, "train/learning_rate": 1.5433808834742283e-06, "train/rewards/chosen": -2.980855703353882, "train/rewards/rejected": -4.7571330070495605, "train/rewards/accuracies": 0.625, "train/rewards/margins": 1.7762770652770996, "train/policy_logps/rejected": -428.1482849121094, "train/policy_logps/chosen": -621.6992797851562, "train/referece_logps/rejected": -380.57696533203125, "train/referece_logps/chosen": -591.8907470703125, "train/logits/rejected": -0.7152144312858582, "train/logits/chosen": -1.1398452520370483, "train/epoch": 9.0, "train/global_step": 24156, "_timestamp": 1712436601.8015726, "_runtime": 135911.12550759315, "_step": 8156, "train/train_runtime": 135914.708, "train/train_samples_per_second": 11.374, "train/train_steps_per_second": 0.178, "train/total_flos": 0.0, "train/train_loss": 0.12173307882962706, "_wandb": {"runtime": 135916}}