{"train/loss": 1.175, "train/learning_rate": 6.818956699624958e-09, "train/epoch": 0.0, "train/global_step": 1, "_timestamp": 1709705260.8764303, "_runtime": 26.147339344024658, "_step": 0, "_wandb": {"runtime": 31}}