{"train/loss": 0.6869, "train/learning_rate": 1.99970388732558e-06, "train/rewards/chosen": -0.00030736904591321945, "train/rewards/rejected": 0.014774132519960403, "train/rewards/accuracies": 0.3125, "train/rewards/margins": -0.015081502497196198, "train/policy_logps/rejected": -392.2607727050781, "train/policy_logps/chosen": -434.2667236328125, "train/referece_logps/rejected": -392.40850830078125, "train/referece_logps/chosen": -434.2636413574219, "train/logits/rejected": -0.6254608035087585, "train/logits/chosen": -0.747257649898529, "train/epoch": 0.11, "train/global_step": 55, "_timestamp": 1709982690.9061613, "_runtime": 1158.063351392746, "_step": 54, "_wandb": {"runtime": 1162}}