{"train/loss": 0.2316, "train/learning_rate": 0.0, "train/rewards/chosen": -1.2857897281646729, "train/rewards/rejected": -4.752517223358154, "train/rewards/accuracies": 0.75, "train/rewards/margins": 3.4667272567749023, "train/policy_logps/rejected": -417.3390197753906, "train/policy_logps/chosen": -337.60955810546875, "train/referece_logps/rejected": -369.8138427734375, "train/referece_logps/chosen": -324.7516784667969, "train/logits/rejected": -0.7652381062507629, "train/logits/chosen": -0.8733162879943848, "train/epoch": 3.0, "train/global_step": 2685, "_timestamp": 1711687508.043417, "_runtime": 52691.69914197922, "_step": 2685, "train/train_runtime": 52695.8268, "train/train_samples_per_second": 3.26, "train/train_steps_per_second": 0.051, "train/total_flos": 0.0, "train/train_loss": 0.3475625038590955, "_wandb": {"runtime": 52697}}