{"train/loss": 0.2008, "train/learning_rate": 1.425662862677014e-06, "train/rewards/chosen": -3.293494701385498, "train/rewards/rejected": -6.475327968597412, "train/rewards/accuracies": 1.0, "train/rewards/margins": 3.1818339824676514, "train/policy_logps/rejected": -589.6239624023438, "train/policy_logps/chosen": -371.47900390625, "train/referece_logps/rejected": -524.87060546875, "train/referece_logps/chosen": -338.5440673828125, "train/logits/rejected": -0.16947299242019653, "train/logits/chosen": -0.032900694757699966, "train/epoch": 9.0, "train/global_step": 16110, "_timestamp": 1712409733.1027718, "_runtime": 108862.56602287292, "_step": 6110, "train/train_runtime": 108866.0932, "train/train_samples_per_second": 9.467, "train/train_steps_per_second": 0.148, "train/total_flos": 0.0, "train/train_loss": 0.11914389525730369, "_wandb": {"runtime": 108868}}