{"train/loss": 0.3639, "train/learning_rate": 0.0, "train/rewards/chosen": -1.4682782888412476, "train/rewards/rejected": -2.6222968101501465, "train/rewards/accuracies": 0.875, "train/rewards/margins": 1.1540181636810303, "train/policy_logps/rejected": -382.0655212402344, "train/policy_logps/chosen": -385.77679443359375, "train/referece_logps/rejected": -355.842529296875, "train/referece_logps/chosen": -371.09405517578125, "train/logits/rejected": -0.6195730566978455, "train/logits/chosen": -0.5722107887268066, "train/epoch": 6.0, "train/global_step": 16104, "_timestamp": 1712235808.988053, "_runtime": 266903.37261009216, "_step": 16104, "train/train_runtime": 266913.6487, "train/train_samples_per_second": 3.861, "train/train_steps_per_second": 0.06, "train/total_flos": 0.0, "train/train_loss": 0.45717297033330456, "_wandb": {"runtime": 266907}}