{"train/loss": 0.6868, "train/learning_rate": 0.0, "train/rewards/chosen": -0.0476657897233963, "train/rewards/rejected": -0.030200909823179245, "train/rewards/accuracies": 0.375, "train/rewards/margins": -0.017464876174926758, "train/policy_logps/rejected": -236.0703582763672, "train/policy_logps/chosen": -256.70733642578125, "train/referece_logps/rejected": -235.76834106445312, "train/referece_logps/chosen": -256.2306823730469, "train/logits/rejected": -0.735727846622467, "train/logits/chosen": -0.8092085719108582, "train/epoch": 3.0, "train/global_step": 84, "_timestamp": 1709553423.028558, "_runtime": 1749.7040359973907, "_step": 84, "train/train_runtime": 1753.1868, "train/train_samples_per_second": 2.969, "train/train_steps_per_second": 0.048, "train/total_flos": 0.0, "train/train_loss": 0.6862257236526126, "_wandb": {"runtime": 1752}}