{"train/loss": 0.7024, "train/learning_rate": 1.0232558139534883e-07, "train/rewards/chosen": -0.018860625103116035, "train/rewards/rejected": 0.019904708489775658, "train/rewards/accuracies": 0.125, "train/rewards/margins": -0.03876533731818199, "train/policy_logps/rejected": -375.0444030761719, "train/policy_logps/chosen": -417.7738952636719, "train/referece_logps/rejected": -375.243408203125, "train/referece_logps/chosen": -417.5852966308594, "train/logits/rejected": -1.0875828266143799, "train/logits/chosen": -1.0791486501693726, "train/epoch": 0.0, "train/global_step": 11, "_timestamp": 1711695438.5763118, "_runtime": 127.9107518196106, "_step": 10}