{"train/loss": 1.1498, "train/learning_rate": 1.3637913399249914e-07, "train/epoch": 0.0, "train/global_step": 20, "_timestamp": 1709706854.042405, "_runtime": 288.673556804657, "_step": 19}