{"train/loss": 0.6882, "train/learning_rate": 9.37207122774133e-08, "train/rewards/chosen": 0.00753443781286478, "train/rewards/rejected": -0.014261758886277676, "train/rewards/accuracies": 0.5, "train/rewards/margins": 0.021796196699142456, "train/policy_logps/rejected": -201.67501831054688, "train/policy_logps/chosen": -256.15985107421875, "train/referece_logps/rejected": -201.53240966796875, "train/referece_logps/chosen": -256.2351989746094, "train/logits/rejected": 0.03100687265396118, "train/logits/chosen": -0.1944873332977295, "train/epoch": 0.0, "train/global_step": 50, "_timestamp": 1709270128.354237, "_runtime": 1058.4657430648804, "_step": 49}