{"train/loss": 0.4337, "train/learning_rate": 1.5093103322937518e-06, "train/rewards/chosen": -1.0266573429107666, "train/rewards/rejected": -2.255340099334717, "train/rewards/accuracies": 0.75, "train/rewards/margins": 1.2286827564239502, "train/policy_logps/rejected": -455.2587585449219, "train/policy_logps/chosen": -416.6205139160156, "train/referece_logps/rejected": -432.7053527832031, "train/referece_logps/chosen": -406.35394287109375, "train/logits/rejected": -0.48570144176483154, "train/logits/chosen": -0.32617342472076416, "train/epoch": 9.0, "train/global_step": 14616, "_timestamp": 1712124343.537237, "_runtime": 54846.11400485039, "_step": 5116, "train/train_runtime": 54850.0158, "train/train_samples_per_second": 17.053, "train/train_steps_per_second": 0.266, "train/total_flos": 0.0, "train/train_loss": 0.16146577223034328, "_wandb": {"runtime": 54851}}