{"train/loss": 0.6959, "train/learning_rate": 1.766044443118978e-06, "train/rewards/chosen": -0.007968282327055931, "train/rewards/rejected": -0.005807829089462757, "train/rewards/accuracies": 0.5, "train/rewards/margins": -0.002160454634577036, "train/policy_logps/rejected": -467.94940185546875, "train/policy_logps/chosen": -409.87371826171875, "train/referece_logps/rejected": -467.8913269042969, "train/referece_logps/chosen": -409.79400634765625, "train/logits/rejected": -0.8518989682197571, "train/logits/chosen": -1.0435774326324463, "train/epoch": 0.25, "train/global_step": 7, "_timestamp": 1709550712.8282228, "_runtime": 164.47403979301453, "_step": 6}