{"train/loss": 1.1338, "train/learning_rate": 1.432225063938619e-07, "train/epoch": 0.0, "train/global_step": 42, "_timestamp": 1709706231.6319847, "_runtime": 556.3279197216034, "_step": 41}