{"train/loss": 0.4475, "train/learning_rate": 0.0, "train/rewards/chosen": -0.20484046638011932, "train/rewards/rejected": -2.1374526023864746, "train/rewards/accuracies": 0.875, "train/rewards/margins": 1.9326122999191284, "train/policy_logps/rejected": -305.8276062011719, "train/policy_logps/chosen": -328.26806640625, "train/referece_logps/rejected": -284.45306396484375, "train/referece_logps/chosen": -326.2196960449219, "train/logits/rejected": -0.9916014671325684, "train/logits/chosen": -0.835193395614624, "train/epoch": 6.0, "train/global_step": 9582, "_timestamp": 1711882378.481763, "_runtime": 103760.35961198807, "_step": 9582, "train/train_runtime": 103763.8841, "train/train_samples_per_second": 5.909, "train/train_steps_per_second": 0.092, "train/total_flos": 0.0, "train/train_loss": 0.5327198240222525, "_wandb": {"runtime": 103765}}