{"train/loss": 0.5212, "train/learning_rate": 0.0, "train/rewards/chosen": -1.280353307723999, "train/rewards/rejected": -2.2229416370391846, "train/rewards/accuracies": 0.875, "train/rewards/margins": 0.9425885081291199, "train/policy_logps/rejected": -554.19140625, "train/policy_logps/chosen": -521.4765014648438, "train/referece_logps/rejected": -531.9619750976562, "train/referece_logps/chosen": -508.6729736328125, "train/logits/rejected": -0.8707835674285889, "train/logits/chosen": -0.862105131149292, "train/epoch": 3.0, "train/global_step": 3906, "_timestamp": 1710074997.5135274, "_runtime": 81572.71145033836, "_step": 3906, "train/train_runtime": 81576.2918, "train/train_samples_per_second": 3.062, "train/train_steps_per_second": 0.048, "train/total_flos": 0.0, "train/train_loss": 0.5650153928577015, "_wandb": {"runtime": 81574}}