{"train/loss": 0.7011, "train/learning_rate": 4.090909090909091e-07, "train/rewards/chosen": -0.01242914330214262, "train/rewards/rejected": 0.016471004113554955, "train/rewards/accuracies": 0.3125, "train/rewards/margins": -0.028900146484375, "train/policy_logps/rejected": -330.0918273925781, "train/policy_logps/chosen": -337.4474182128906, "train/referece_logps/rejected": -330.25653076171875, "train/referece_logps/chosen": -337.3231201171875, "train/logits/rejected": -0.021343640983104706, "train/logits/chosen": -0.010880053043365479, "train/epoch": 0.02, "train/global_step": 9, "_timestamp": 1709963978.4948435, "_runtime": 199.09123158454895, "_step": 8}