{"train/loss": 0.226, "train/learning_rate": 0.0, "train/rewards/chosen": -1.6469265222549438, "train/rewards/rejected": -5.143606662750244, "train/rewards/accuracies": 0.875, "train/rewards/margins": 3.4966797828674316, "train/policy_logps/rejected": -395.0862731933594, "train/policy_logps/chosen": -314.5300598144531, "train/referece_logps/rejected": -343.6502685546875, "train/referece_logps/chosen": -298.0608215332031, "train/logits/rejected": -0.6652120351791382, "train/logits/chosen": -0.7292291522026062, "train/epoch": 3.0, "train/global_step": 2685, "_timestamp": 1711789452.861381, "_runtime": 52710.6244020462, "_step": 2685, "train/train_runtime": 52717.3315, "train/train_samples_per_second": 3.258, "train/train_steps_per_second": 0.051, "train/total_flos": 0.0, "train/train_loss": 0.34451307304744616, "_wandb": {"runtime": 52716}}