{"train/loss": 0.2637, "train/learning_rate": 0.0, "train/rewards/chosen": -2.030392646789551, "train/rewards/rejected": -10.057584762573242, "train/rewards/accuracies": 1.0, "train/rewards/margins": 8.027192115783691, "train/policy_logps/rejected": -343.1114807128906, "train/policy_logps/chosen": -364.1639709472656, "train/referece_logps/rejected": -242.5355987548828, "train/referece_logps/chosen": -343.8600769042969, "train/logits/rejected": 0.20252427458763123, "train/logits/chosen": -0.1785392165184021, "train/epoch": 3.0, "train/global_step": 9828, "_timestamp": 1710204769.0562766, "_runtime": 208344.59276151657, "_step": 9828, "train/train_runtime": 208348.1803, "train/train_samples_per_second": 3.019, "train/train_steps_per_second": 0.047, "train/total_flos": 0.0, "train/train_loss": 0.30540015006882903, "_wandb": {"runtime": 208346}}