{"train/loss": 0.6953, "train/learning_rate": 1.2345679012345677e-07, "train/rewards/chosen": 0.008419323712587357, "train/rewards/rejected": 0.020425893366336823, "train/rewards/accuracies": 0.4375, "train/rewards/margins": -0.012006569653749466, "train/policy_logps/rejected": -250.3963623046875, "train/policy_logps/chosen": -258.54888916015625, "train/referece_logps/rejected": -250.60064697265625, "train/referece_logps/chosen": -258.633056640625, "train/logits/rejected": -0.019875898957252502, "train/logits/chosen": -0.15375709533691406, "train/epoch": 0.01, "train/global_step": 5, "_timestamp": 1711628989.8146899, "_runtime": 120.28971481323242, "_step": 4}