{"train/loss": 0.7366, "train/learning_rate": 1.9999991215109645e-05, "train/epoch": 0.15, "train/global_step": 4973, "_timestamp": 1709781304.8505597, "_runtime": 39060.566836595535, "_step": 2972}