{"train/loss": 0.228, "train/learning_rate": 0.0, "train/rewards/chosen": -3.6168978214263916, "train/rewards/rejected": -7.787077903747559, "train/rewards/accuracies": 0.875, "train/rewards/margins": 4.17017936706543, "train/policy_logps/rejected": -386.16705322265625, "train/policy_logps/chosen": -483.05975341796875, "train/referece_logps/rejected": -308.2962646484375, "train/referece_logps/chosen": -446.8907775878906, "train/logits/rejected": 0.3330582082271576, "train/logits/chosen": 0.20356440544128418, "train/epoch": 6.0, "train/global_step": 10740, "_timestamp": 1712161471.7338822, "_runtime": 191479.28322029114, "_step": 10740, "train/train_runtime": 191482.6513, "train/train_samples_per_second": 3.588, "train/train_steps_per_second": 0.056, "train/total_flos": 0.0, "train/train_loss": 0.26257530707532967, "_wandb": {"runtime": 191484}}