{"train/loss": 0.4175, "train/learning_rate": 0.0, "train/rewards/chosen": -0.8257931470870972, "train/rewards/rejected": -1.411539077758789, "train/rewards/accuracies": 0.875, "train/rewards/margins": 0.5857460498809814, "train/policy_logps/rejected": -392.42108154296875, "train/policy_logps/chosen": -401.0745849609375, "train/referece_logps/rejected": -378.3056640625, "train/referece_logps/chosen": -392.8166198730469, "train/logits/rejected": -0.291231244802475, "train/logits/chosen": -0.2578115165233612, "train/epoch": 6.0, "train/global_step": 16104, "_timestamp": 1712569622.1605334, "_runtime": 267190.11203432083, "_step": 16104, "train/train_runtime": 267193.5117, "train/train_samples_per_second": 3.857, "train/train_steps_per_second": 0.06, "train/total_flos": 0.0, "train/train_loss": 0.47055487409493135, "_wandb": {"runtime": 267196}}