{"train/loss": 0.6916, "train/learning_rate": 1.99970388732558e-06, "train/rewards/chosen": -0.003988170530647039, "train/rewards/rejected": -0.002362250816076994, "train/rewards/accuracies": 0.375, "train/rewards/margins": -0.0016259187832474709, "train/policy_logps/rejected": -392.3748474121094, "train/policy_logps/chosen": -434.29034423828125, "train/referece_logps/rejected": -392.3511962890625, "train/referece_logps/chosen": -434.2504577636719, "train/logits/rejected": -0.6275999546051025, "train/logits/chosen": -0.7496848106384277, "train/epoch": 0.11, "train/global_step": 55, "_timestamp": 1709984874.634502, "_runtime": 1159.6250448226929, "_step": 54, "_wandb": {"runtime": 1160}}