{"train/loss": 0.3608, "train/learning_rate": 1.999230883859613e-06, "train/rewards/chosen": -0.8865619897842407, "train/rewards/rejected": -2.224555730819702, "train/rewards/accuracies": 0.875, "train/rewards/margins": 1.337993860244751, "train/policy_logps/rejected": -356.6963195800781, "train/policy_logps/chosen": -479.62139892578125, "train/referece_logps/rejected": -334.45074462890625, "train/referece_logps/chosen": -470.75579833984375, "train/logits/rejected": -0.6493830680847168, "train/logits/chosen": -1.0076791048049927, "train/epoch": 6.0, "train/global_step": 14616, "_timestamp": 1712067616.6792612, "_runtime": 6610.270700216293, "_step": 616, "train/train_runtime": 6614.2286, "train/train_samples_per_second": 141.412, "train/train_steps_per_second": 2.21, "train/total_flos": 0.0, "train/train_loss": 0.01994154431623191, "_wandb": {"runtime": 6614}}