{"train/loss": 0.4372, "train/learning_rate": 1.4724955489241602e-06, "train/rewards/chosen": -1.307032585144043, "train/rewards/rejected": -2.500572681427002, "train/rewards/accuracies": 0.875, "train/rewards/margins": 1.1935399770736694, "train/policy_logps/rejected": -425.1700744628906, "train/policy_logps/chosen": -433.3683776855469, "train/referece_logps/rejected": -400.1643371582031, "train/referece_logps/chosen": -420.2980651855469, "train/logits/rejected": -0.636253833770752, "train/logits/chosen": -0.7133752107620239, "train/epoch": 9.0, "train/global_step": 21195, "_timestamp": 1712126190.813298, "_runtime": 83121.37451887131, "_step": 7695, "train/train_runtime": 83125.1167, "train/train_samples_per_second": 16.316, "train/train_steps_per_second": 0.255, "train/total_flos": 0.0, "train/train_loss": 0.15980367589936162, "_wandb": {"runtime": 83126}}