{"train/loss": 0.6927, "train/learning_rate": 1.999755276685243e-06, "train/rewards/chosen": 0.002432536333799362, "train/rewards/rejected": -0.0030213361606001854, "train/rewards/accuracies": 0.5, "train/rewards/margins": 0.005453873425722122, "train/policy_logps/rejected": -375.40447998046875, "train/policy_logps/chosen": -434.26947021484375, "train/referece_logps/rejected": -375.374267578125, "train/referece_logps/chosen": -434.2937927246094, "train/logits/rejected": -0.9888095855712891, "train/logits/chosen": -0.9722030758857727, "train/epoch": 0.11, "train/global_step": 54, "_timestamp": 1709966982.4970791, "_runtime": 1135.7170732021332, "_step": 53, "_wandb": {"runtime": 1136}}