{"train/loss": 0.4103, "train/learning_rate": 0.0, "train/rewards/chosen": -0.35007745027542114, "train/rewards/rejected": -1.9510886669158936, "train/rewards/accuracies": 0.75, "train/rewards/margins": 1.6010111570358276, "train/policy_logps/rejected": -439.2419128417969, "train/policy_logps/chosen": -616.9684448242188, "train/referece_logps/rejected": -419.73101806640625, "train/referece_logps/chosen": -613.4677124023438, "train/logits/rejected": 0.5533214211463928, "train/logits/chosen": 0.4770607352256775, "train/epoch": 6.0, "train/global_step": 9420, "_timestamp": 1711880389.3856711, "_runtime": 101800.0965590477, "_step": 9420, "train/train_runtime": 101803.6169, "train/train_samples_per_second": 5.92, "train/train_steps_per_second": 0.093, "train/total_flos": 0.0, "train/train_loss": 0.516796995310267, "_wandb": {"runtime": 101804}}