{"train/loss": 0.6893, "train/learning_rate": 1.99970388732558e-06, "train/rewards/chosen": 0.005156135186553001, "train/rewards/rejected": 0.02081766165792942, "train/rewards/accuracies": 0.25, "train/rewards/margins": -0.01566152460873127, "train/policy_logps/rejected": -392.06243896484375, "train/policy_logps/chosen": -434.26910400390625, "train/referece_logps/rejected": -392.27056884765625, "train/referece_logps/chosen": -434.3207092285156, "train/logits/rejected": -0.626272976398468, "train/logits/chosen": -0.7484424114227295, "train/epoch": 0.11, "train/global_step": 55, "_timestamp": 1709980817.21395, "_runtime": 1159.778273820877, "_step": 54, "_wandb": {"runtime": 1160}}