{"train/loss": 0.4451, "train/learning_rate": 1.4724955489241602e-06, "train/rewards/chosen": -0.7446990609169006, "train/rewards/rejected": -1.443406105041504, "train/rewards/accuracies": 0.75, "train/rewards/margins": 0.6987069845199585, "train/policy_logps/rejected": -542.1632080078125, "train/policy_logps/chosen": -587.9053955078125, "train/referece_logps/rejected": -527.7291259765625, "train/referece_logps/chosen": -580.4583129882812, "train/logits/rejected": 0.49908435344696045, "train/logits/chosen": 0.5604186058044434, "train/epoch": 9.0, "train/global_step": 14130, "_timestamp": 1712098122.8828034, "_runtime": 55089.11574053764, "_step": 5130, "train/train_runtime": 55092.7898, "train/train_samples_per_second": 16.412, "train/train_steps_per_second": 0.256, "train/total_flos": 0.0, "train/train_loss": 0.18225254366267934, "_wandb": {"runtime": 55093}}