{"train/loss": 0.1296, "train/learning_rate": 1.425662862677014e-06, "train/rewards/chosen": -4.739458084106445, "train/rewards/rejected": -12.417305946350098, "train/rewards/accuracies": 1.0, "train/rewards/margins": 7.677847862243652, "train/policy_logps/rejected": -446.3124084472656, "train/policy_logps/chosen": -552.6354370117188, "train/referece_logps/rejected": -322.1393127441406, "train/referece_logps/chosen": -505.2408447265625, "train/logits/rejected": 0.8366045951843262, "train/logits/chosen": 0.7586231827735901, "train/epoch": 9.0, "train/global_step": 16110, "_timestamp": 1712409923.6341343, "_runtime": 109057.75184226036, "_step": 6110, "train/train_runtime": 109061.2276, "train/train_samples_per_second": 9.45, "train/train_steps_per_second": 0.148, "train/total_flos": 0.0, "train/train_loss": 0.05753179221760313, "_wandb": {"runtime": 109063}}