{"train/loss": 0.2489, "train/learning_rate": 0.0, "train/rewards/chosen": -1.0467811822891235, "train/rewards/rejected": -4.891552925109863, "train/rewards/accuracies": 0.875, "train/rewards/margins": 3.844771385192871, "train/policy_logps/rejected": -394.09027099609375, "train/policy_logps/chosen": -319.896484375, "train/referece_logps/rejected": -345.1747741699219, "train/referece_logps/chosen": -309.42864990234375, "train/logits/rejected": -1.107479453086853, "train/logits/chosen": -1.2069123983383179, "train/epoch": 3.0, "train/global_step": 2685, "_timestamp": 1711687709.184283, "_runtime": 52915.40611290932, "_step": 2685, "train/train_runtime": 52919.3052, "train/train_samples_per_second": 3.246, "train/train_steps_per_second": 0.051, "train/total_flos": 0.0, "train/train_loss": 0.33215742020189654, "_wandb": {"runtime": 52920}}