{"train/loss": 0.4734, "train/learning_rate": 0.0, "train/rewards/chosen": -0.5340715646743774, "train/rewards/rejected": -1.8096036911010742, "train/rewards/accuracies": 0.875, "train/rewards/margins": 1.2755321264266968, "train/policy_logps/rejected": -397.1295471191406, "train/policy_logps/chosen": -441.33343505859375, "train/referece_logps/rejected": -379.0335388183594, "train/referece_logps/chosen": -435.99267578125, "train/logits/rejected": -0.7247694730758667, "train/logits/chosen": -0.3838167190551758, "train/epoch": 6.0, "train/global_step": 9420, "_timestamp": 1711894354.6686535, "_runtime": 101895.13850951195, "_step": 9420, "train/train_runtime": 101899.1859, "train/train_samples_per_second": 5.915, "train/train_steps_per_second": 0.092, "train/total_flos": 0.0, "train/train_loss": 0.5747443108611805, "_wandb": {"runtime": 101898}}