{"train/loss": 0.2351, "train/learning_rate": 0.0, "train/rewards/chosen": -1.3792250156402588, "train/rewards/rejected": -5.399345397949219, "train/rewards/accuracies": 0.875, "train/rewards/margins": 4.020119667053223, "train/policy_logps/rejected": -373.7081298828125, "train/policy_logps/chosen": -300.6233215332031, "train/referece_logps/rejected": -319.7146911621094, "train/referece_logps/chosen": -286.8310546875, "train/logits/rejected": -1.008722186088562, "train/logits/chosen": -1.0443238019943237, "train/epoch": 3.0, "train/global_step": 2685, "_timestamp": 1711789671.5822942, "_runtime": 52903.642869234085, "_step": 2685, "train/train_runtime": 52907.1492, "train/train_samples_per_second": 3.247, "train/train_steps_per_second": 0.051, "train/total_flos": 0.0, "train/train_loss": 0.3285605480717547, "_wandb": {"runtime": 52906}}