{"train/loss": 0.4505, "train/learning_rate": 0.0, "train/rewards/chosen": -1.7657153606414795, "train/rewards/rejected": -3.008155584335327, "train/rewards/accuracies": 0.875, "train/rewards/margins": 1.2424399852752686, "train/policy_logps/rejected": -423.9689636230469, "train/policy_logps/chosen": -342.68756103515625, "train/referece_logps/rejected": -393.887451171875, "train/referece_logps/chosen": -325.0303955078125, "train/logits/rejected": -0.39950093626976013, "train/logits/chosen": -0.4131820797920227, "train/epoch": 3.0, "train/global_step": 1464, "_timestamp": 1709650533.8239708, "_runtime": 30208.266140699387, "_step": 1464, "train/train_runtime": 30216.3427, "train/train_samples_per_second": 3.101, "train/train_steps_per_second": 0.048, "train/total_flos": 0.0, "train/train_loss": 0.5137272032557941, "_wandb": {"runtime": 30205}}