{"train/loss": 0.6909, "train/learning_rate": 2.0833333333333333e-07, "train/rewards/chosen": -0.0018021585419774055, "train/rewards/rejected": -0.017264271154999733, "train/rewards/accuracies": 0.625, "train/rewards/margins": 0.015462112613022327, "train/policy_logps/rejected": -432.2400207519531, "train/policy_logps/chosen": -484.66204833984375, "train/referece_logps/rejected": -432.06744384765625, "train/referece_logps/chosen": -484.64404296875, "train/logits/rejected": -1.5148823261260986, "train/logits/chosen": -1.391770839691162, "train/epoch": 0.01, "train/global_step": 15, "_timestamp": 1711695450.8269012, "_runtime": 170.52403926849365, "_step": 14}